Bus Name,Bus Type,From,To,Price,Starting Point,Ending Point,Seat Available,Start Time,Reach Time,Total Travel Time,Bus Rating,Links
V.I.P Travels,A/C Seater / Sleeper (2+2),Patna,Bettiah,350,Bus Stand,Betiah Bus Stand,61 Seats available,21:40,03:40,06h 00m,3.7,https://www.redbus.in/bus-tickets/patna-to-bettiah?fromCityId=74699&toCityId=82458&fromCityName=Patna&toCityName=Bettiah&busType=Any&onward=31-Aug-2024
Jai Hanuman Travels,A/C Seater / Sleeper (2+2),Patna,Bettiah,550,Gandhi Maidan bsrtc bus depo,Betiah Bus Stand,54 Seats available,22:20,05:00,06h 40m,3.6,https://www.redbus.in/bus-tickets/patna-to-bettiah?fromCityId=74699&toCityId=82458&fromCityName=Patna&toCityName=Bettiah&busType=Any&onward=31-Aug-2024
Jai Mata Di Tour and Travels,A/C Seater / Sleeper (2+2),Patna,Bettiah,450,Patna,Bettiah Bus Stand,6 Seats available,20:28,02:00,05h 32m,2.4,https://www.redbus.in/bus-tickets/patna-to-bettiah?fromCityId=74699&toCityId=82458&fromCityName=Patna&toCityName=Bettiah&busType=Any&onward=31-Aug-2024
Jai Mata Di Tour and Travels,A/C Seater / Sleeper (2+2),Patna,Bettiah,405,Patna new bairiya bus stand,Bettiah Bus Stand,24 Seats available,22:40,04:00,05h 20m,2.7,https://www.redbus.in/bus-tickets/patna-to-bettiah?fromCityId=74699&toCityId=82458&fromCityName=Patna&toCityName=Bettiah&busType=Any&onward=31-Aug-2024
,,Patna,Bettiah,,,,,,,,,https://www.redbus.in/bus-tickets/patna-to-bettiah?fromCityId=74699&toCityId=82458&fromCityName=Patna&toCityName=Bettiah&busType=Any&onward=31-Aug-2024
Bihar state road transport corporation (BSRTC) - 150571,Non AC Seater (2+2),Patna,Motihari,230,Gandhi Maidan,Govt. Bus Stand,33 Seats available,21:20,01:00,03h 40m,3.1,https://www.redbus.in/bus-tickets/patna-to-motihari?fromCityId=74699&toCityId=80302&fromCityName=Patna&toCityName=Motihari&busType=Any&srcCountry=IND&destCountry=IND&onward=31-Aug-2024
Jai Hanuman Travels,A/C Seater / Sleeper (2+2),Patna,Motihari,550,Gandhi Maidan bsrtc bus depo,motihari,53 Seats available,22:00,04:00,06h 00m,4.5,https://www.redbus.in/bus-tickets/patna-to-motihari?fromCityId=74699&toCityId=80302&fromCityName=Patna&toCityName=Motihari&busType=Any&srcCountry=IND&destCountry=IND&onward=31-Aug-2024
Jai Hanuman Travels,A/C Seater / Sleeper (2+2),Patna,Motihari,550,Gandhi Maidan bsrtc bus depo,motihari,54 Seats available,22:20,03:15,04h 55m,3.8,https://www.redbus.in/bus-tickets/patna-to-motihari?fromCityId=74699&toCityId=80302&fromCityName=Patna&toCityName=Motihari&busType=Any&srcCountry=IND&destCountry=IND&onward=31-Aug-2024
Jai Mata Di Tour and Travels,A/C Seater / Sleeper (2+2),Patna,Motihari,450,Patna,Motihari,6 Seats available,20:28,23:30,03h 02m,1.2,https://www.redbus.in/bus-tickets/patna-to-motihari?fromCityId=74699&toCityId=80302&fromCityName=Patna&toCityName=Motihari&busType=Any&srcCountry=IND&destCountry=IND&onward=31-Aug-2024
Sri Krishna Rath,,Patna,Motihari,1169,,,,21:00,00:00,03h 00m,1.7,https://www.redbus.in/bus-tickets/patna-to-motihari?fromCityId=74699&toCityId=80302&fromCityName=Patna&toCityName=Motihari&busType=Any&srcCountry=IND&destCountry=IND&onward=31-Aug-2024
Jai Hanuman Travels,A/C Seater / Sleeper (2+2),Bettiah,Patna,550,Betiah Bus Stand,Gandhi Maidan bsrtc bus depo,36 Seats available,21:55,05:31,07h 36m,2.3,https://www.redbus.in/bus-tickets/bettiah-to-patna?fromCityId=82458&toCityId=74699&fromCityName=Bettiah&toCityName=Patna&busType=Any&onward=31-Aug-2024
Jai Mata Di Tour and Travels,A/C Seater / Sleeper (2+2),Bettiah,Patna,450,Bettiah Bus Stand,Patna,10 Seats available,22:00,05:00,07h 00m,1.9,https://www.redbus.in/bus-tickets/bettiah-to-patna?fromCityId=82458&toCityId=74699&fromCityName=Bettiah&toCityName=Patna&busType=Any&onward=31-Aug-2024
Jai Mata Di Tour and Travels,A/C Seater / Sleeper (2+2),Patna,Balmiki Nagar (b...,450,Patna,Balmiki Nagar,6 Seats available,20:28,06:00,09h 32m,3.3,https://www.redbus.in/bus-tickets/patna-to-balmiki-nagar-bihar?fromCityId=74699&toCityId=254429&fromCityName=Patna&toCityName=Balmiki%20Nagar%20(bihar)&busType=Any&srcCountry=IND&destCountry=IND&onward=31-Aug-2024
Jai Mata Di Tour and Travels,A/C Seater / Sleeper (2+2),Patna,Balmiki Nagar (b...,405,Patna new bairiya bus stand,Balmiki Nagar,28 Seats available,22:40,07:00,08h 20m,3.0,https://www.redbus.in/bus-tickets/patna-to-balmiki-nagar-bihar?fromCityId=74699&toCityId=254429&fromCityName=Patna&toCityName=Balmiki%20Nagar%20(bihar)&busType=Any&srcCountry=IND&destCountry=IND&onward=31-Aug-2024
Bihar state road transport corporation (BSRTC) - 142847,AC Seater (2+2),Patna,Katihar,468,Gandhi Maidan,Katihar Bus Stand,24 Seats available,21:25,06:30,09h 05m,3.4,https://www.redbus.in/bus-tickets/patna-to-katihar?fromCityId=74699&toCityId=85786&fromCityName=Patna&toCityName=Katihar&busType=Any&srcCountry=IND&destCountry=IND&onward=31-Aug-2024
SOBHA TRAVELS (A.T),A/C Seater / Sleeper (2+1),Patna,Katihar,540,Patliputra Bairiya ISBT,Bus Stand,28 Seats available,20:40,05:00,08h 20m,3.3,https://www.redbus.in/bus-tickets/patna-to-katihar?fromCityId=74699&toCityId=85786&fromCityName=Patna&toCityName=Katihar&busType=Any&srcCountry=IND&destCountry=IND&onward=31-Aug-2024
Sri Krishna Rath,A/C Seater / Sleeper (2+2),Patna,Katihar,809,Patliputra ISBT,Katihar,28 Seats available,20:30,05:35,09h 05m,1.8,https://www.redbus.in/bus-tickets/patna-to-katihar?fromCityId=74699&toCityId=85786&fromCityName=Patna&toCityName=Katihar&busType=Any&srcCountry=IND&destCountry=IND&onward=31-Aug-2024
Bihar state road transport corporation (BSRTC) - 142847,AC Seater (2+2),Patna,Purnea,468,Gandhi Maidan,Busstand,24 Seats available,21:25,05:40,08h 15m,3.9,https://www.redbus.in/bus-tickets/patna-to-purnea?fromCityId=74699&toCityId=76580&fromCityName=Patna&toCityName=Purnea&busType=Any&srcCountry=IND&destCountry=IND&onward=31-Aug-2024
Aitiana Airwings,Benz A/C Sleeper (2+1),Patna,Purnea,650,Bairiya (Patna (Bihar)),Purnea (Purnea),12 Seats available,21:00,06:00,09h 00m,4.3,https://www.redbus.in/bus-tickets/patna-to-purnea?fromCityId=74699&toCityId=76580&fromCityName=Patna&toCityName=Purnea&busType=Any&srcCountry=IND&destCountry=IND&onward=31-Aug-2024
Divya Rath,A/C Sleeper (2+1),Patna,Purnea,601,"ADITYA VISION ,ZEROMILE PAHARI",PURNEA ZERO MILE,8 Seats available,20:45,05:45,09h 00m,4.1,https://www.redbus.in/bus-tickets/patna-to-purnea?fromCityId=74699&toCityId=76580&fromCityName=Patna&toCityName=Purnea&busType=Any&srcCountry=IND&destCountry=IND&onward=31-Aug-2024
MAA SHANTI TRAVELS,A/C Seater / Sleeper (2+1),Patna,Purnea,650,GANDHI MAIDAN (MAA SHANTI OFF...,Purnea Bus Stand,2 Seats available,22:10,06:35,08h 25m,4.3,https://www.redbus.in/bus-tickets/patna-to-purnea?fromCityId=74699&toCityId=76580&fromCityName=Patna&toCityName=Purnea&busType=Any&srcCountry=IND&destCountry=IND&onward=31-Aug-2024
,,Patna,Purnea,,,,,,,,,https://www.redbus.in/bus-tickets/patna-to-purnea?fromCityId=74699&toCityId=76580&fromCityName=Patna&toCityName=Purnea&busType=Any&srcCountry=IND&destCountry=IND&onward=31-Aug-2024
Bihar state road transport corporation (BSRTC) - 153594,AC Seater (2+2),Patna,Hazaribagh,396,Gandhi Maidan,Hazaribagh Bus Stand-Muz,27 Seats available,20:41,04:00,07h 19m,2.7,https://www.redbus.in/bus-tickets/patna-to-hazaribagh?fromCityId=74699&toCityId=76576&fromCityName=Patna&toCityName=Hazaribagh&busType=Any&srcCountry=IND&destCountry=IND&onward=31-Aug-2024
Rekha Luxury,A/C Seater / Sleeper (2+1),Patna,Hazaribagh,537,Patliputra ISBT Pahari,Hazaribagh Bus Stand,26 Seats available,20:00,04:00,08h 00m,3.1,https://www.redbus.in/bus-tickets/patna-to-hazaribagh?fromCityId=74699&toCityId=76576&fromCityName=Patna&toCityName=Hazaribagh&busType=Any&srcCountry=IND&destCountry=IND&onward=31-Aug-2024
Arzoo Travels,A/C Seater / Sleeper (2+1),Patna,Hazaribagh,463,Methapur over bridge,Hazaribagh Bus Stand,29 Seats available,20:30,02:30,06h 00m,3.4,https://www.redbus.in/bus-tickets/patna-to-hazaribagh?fromCityId=74699&toCityId=76576&fromCityName=Patna&toCityName=Hazaribagh&busType=Any&srcCountry=IND&destCountry=IND&onward=31-Aug-2024
Arzoo Travels,Bharat Benz A/C Seater /Sleeper (2+1),Patna,Hazaribagh,481,New patliputra bus stand bairiya,Hazaribagh Bus Stand,42 Seats available,20:45,03:30,06h 45m,3.4,https://www.redbus.in/bus-tickets/patna-to-hazaribagh?fromCityId=74699&toCityId=76576&fromCityName=Patna&toCityName=Hazaribagh&busType=Any&srcCountry=IND&destCountry=IND&onward=31-Aug-2024
Sri Sai ( Jharkhand Paryatak),,Patna,Hazaribagh,456,,,14 Seats available,21:00,04:30,07h 30m,4.5,https://www.redbus.in/bus-tickets/patna-to-hazaribagh?fromCityId=74699&toCityId=76576&fromCityName=Patna&toCityName=Hazaribagh&busType=Any&srcCountry=IND&destCountry=IND&onward=31-Aug-2024
Bihar state road transport corporation (BSRTC) - 153614,AC Seater (2+2),Ranchi,Patna,500,Ranchi Govt Bus Stand-Muz,Gandhi Maidan,23 Seats available,20:55,05:30,08h 35m,3.7,https://www.redbus.in/bus-tickets/ranchi-to-patna?fromCityId=76431&toCityId=74699&fromCityName=Ranchi&toCityName=Patna&busType=Any&srcCountry=IND&destCountry=IND&onward=31-Aug-2024
MAA SHANTI TRAVELS,A/C Seater/Sleeper (2+1),Ranchi,Patna,540,Patel Chowk,GANDHI MAIDAN (MAA SHANTI OFF...,25 Seats available,21:00,06:35,09h 35m,3.8,https://www.redbus.in/bus-tickets/ranchi-to-patna?fromCityId=76431&toCityId=74699&fromCityName=Ranchi&toCityName=Patna&busType=Any&srcCountry=IND&destCountry=IND&onward=31-Aug-2024
MAA SHANTI TRAVELS,A/C Seater / Sleeper (2+1),Ranchi,Patna,810,Kanta Toli Chowk,Rajendra Nagar Terminal,15 Seats available,22:20,05:55,07h 35m,4.5,https://www.redbus.in/bus-tickets/ranchi-to-patna?fromCityId=76431&toCityId=74699&fromCityName=Ranchi&toCityName=Patna&busType=Any&srcCountry=IND&destCountry=IND&onward=31-Aug-2024
Mahuli Travels,A/C Seater/Sleeper (2+1),Ranchi,Patna,468,Khadgada Bus Stand,Mithapur Bus Stand,31 Seats available,21:15,06:15,09h 00m,3.3,https://www.redbus.in/bus-tickets/ranchi-to-patna?fromCityId=76431&toCityId=74699&fromCityName=Ranchi&toCityName=Patna&busType=Any&srcCountry=IND&destCountry=IND&onward=31-Aug-2024
,,Ranchi,Patna,,,,,,,,,https://www.redbus.in/bus-tickets/ranchi-to-patna?fromCityId=76431&toCityId=74699&fromCityName=Ranchi&toCityName=Patna&busType=Any&srcCountry=IND&destCountry=IND&onward=31-Aug-2024
Bihar state road transport corporation (BSRTC) - 153614,AC Seater (2+2),Hazaribagh,Patna,377,Hazaribagh Bus Stand-Muz,Gandhi Maidan,25 Seats available,23:15,05:30,06h 15m,3.0,https://www.redbus.in/bus-tickets/hazaribagh-to-patna?fromCityId=76576&toCityId=74699&fromCityName=Hazaribagh&toCityName=Patna&busType=Any&srcCountry=IND&destCountry=IND&onward=31-Aug-2024
MAA SHANTI TRAVELS,A/C Seater/Sleeper (2+1),Hazaribagh,Patna,540,HAZARIBAGH OLD BUS STAND,GANDHI MAIDAN (MAA SHANTI OFF...,24 Seats available,23:30,06:35,07h 05m,4.0,https://www.redbus.in/bus-tickets/hazaribagh-to-patna?fromCityId=76576&toCityId=74699&fromCityName=Hazaribagh&toCityName=Patna&busType=Any&srcCountry=IND&destCountry=IND&onward=31-Aug-2024
Mahuli Travels,A/C Seater / Sleeper (2+1),Hazaribagh,Patna,510,Hazaribagh Bus Stand,Mithapur Bus Stand,47 Seats available,23:59,06:15,06h 16m,3.3,https://www.redbus.in/bus-tickets/hazaribagh-to-patna?fromCityId=76576&toCityId=74699&fromCityName=Hazaribagh&toCityName=Patna&busType=Any&srcCountry=IND&destCountry=IND&onward=31-Aug-2024
Rajdhani bus service,NON A/C Sleeper (2+1),Hazaribagh,Patna,648,Nagwan Toll Plaza,Zero Mile Singh Petrol Pump N...,1 Seat available,23:59,05:50,05h 51m,4.0,https://www.redbus.in/bus-tickets/hazaribagh-to-patna?fromCityId=76576&toCityId=74699&fromCityName=Hazaribagh&toCityName=Patna&busType=Any&srcCountry=IND&destCountry=IND&onward=31-Aug-2024
,,Hazaribagh,Patna,,,,,,,,,https://www.redbus.in/bus-tickets/hazaribagh-to-patna?fromCityId=76576&toCityId=74699&fromCityName=Hazaribagh&toCityName=Patna&busType=Any&srcCountry=IND&destCountry=IND&onward=31-Aug-2024
Jai Hanuman Travels,A/C Seater / Sleeper (2+2),Patna,Raxaul,550,Gandhi Maidan bsrtc bus depo,raxaul,53 Seats available,22:00,05:00,07h 00m,3.3,https://www.redbus.in/bus-tickets/patna-to-raxaul?fromCityId=74699&toCityId=80305&fromCityName=Patna&toCityName=Raxaul&busType=Any&srcCountry=IND&destCountry=IND&onward=31-Aug-2024
Bihar state road transport corporation (BSRTC) - 166033,A/C Seater Hi-Tech Push Back (2+2),Muzaffarpur,Kathmandu,855,Muzaffarpur,Swoyambhu,29 Seats available,15:35,06:15,14h 40m,2.6,https://www.redbus.in/bus-tickets/muzaffarpur-to-kathmandu?fromCityId=80303&toCityId=1603&fromCityName=Muzaffarpur&toCityName=Kathmandu&busType=Any&srcCountry=IND&destCountry=IND&onward=01-Sep-2024
V.I.P Travels,A/C Seater Hi-Tech Push Back (2+2),Muzaffarpur,Kathmandu,876,KHABRA NEAR D.A.V SCHOOL -NH -28,Karkhana Chowk,14 Seats available,15:14,05:30,14h 16m,3.0,https://www.redbus.in/bus-tickets/muzaffarpur-to-kathmandu?fromCityId=80303&toCityId=1603&fromCityName=Muzaffarpur&toCityName=Kathmandu&busType=Any&srcCountry=IND&destCountry=IND&onward=01-Sep-2024
Bihar state road transport corporation (BSRTC) - 153594,AC Seater (2+2),Patna (Bihar),Ranchi,525,Gandhi Maidan,Ranchi Govt Bus Stand-Muz,34 Seats available,20:41,06:00,09h 19m,2.8,https://www.redbus.in/bus-tickets/patna-to-ranchi?fromCityId=74699&toCityId=76431&fromCityName=Patna%20(Bihar)&toCityName=Ranchi&busType=Any&srcCountry=IND&destCountry=IND&onward=01-Sep-2024
Rekha Luxury,A/C Seater / Sleeper (2+1),Patna (Bihar),Ranchi,580,Patliputra ISBT Pahari,Dhurwa bus stand,38 Seats available,20:00,06:00,10h 00m,4.0,https://www.redbus.in/bus-tickets/patna-to-ranchi?fromCityId=74699&toCityId=76431&fromCityName=Patna%20(Bihar)&toCityName=Ranchi&busType=Any&srcCountry=IND&destCountry=IND&onward=01-Sep-2024
MAA SHANTI TRAVELS,A/C Seater / Sleeper (2+1),Patna (Bihar),Ranchi,800,GANDHI MAIDAN (MAA SHANTI OFF...,Kanta Toli Chowk,34 Seats available,20:27,04:15,07h 48m,4.3,https://www.redbus.in/bus-tickets/patna-to-ranchi?fromCityId=74699&toCityId=76431&fromCityName=Patna%20(Bihar)&toCityName=Ranchi&busType=Any&srcCountry=IND&destCountry=IND&onward=01-Sep-2024
MAA SHANTI TRAVELS,A/C Seater/Sleeper (2+1),Patna (Bihar),Ranchi,600,GANDHI MAIDAN (MAA SHANTI OFF...,Patel Chowk,44 Seats available,21:25,06:45,09h 20m,3.9,https://www.redbus.in/bus-tickets/patna-to-ranchi?fromCityId=74699&toCityId=76431&fromCityName=Patna%20(Bihar)&toCityName=Ranchi&busType=Any&srcCountry=IND&destCountry=IND&onward=01-Sep-2024
,,Patna (Bihar),Ranchi,,,,,,,,,https://www.redbus.in/bus-tickets/patna-to-ranchi?fromCityId=74699&toCityId=76431&fromCityName=Patna%20(Bihar)&toCityName=Ranchi&busType=Any&srcCountry=IND&destCountry=IND&onward=01-Sep-2024
Bihar state road transport corporation (BSRTC) - 153594,AC Seater (2+2),Muzaffarpur,Ranchi,605,Emali Chati Govt Bus Stand,Ranchi Govt Bus Stand-Muz,34 Seats available,18:00,06:00,12h 00m,3.4,https://www.redbus.in/bus-tickets/muzaffarpur-to-ranchi?fromCityId=80303&toCityId=76431&fromCityName=Muzaffarpur&toCityName=Ranchi&busType=Any&srcCountry=IND&destCountry=IND&onward=01-Sep-2024
JGD Travels Pvt Ltd.,Bharat Benz A/C Sleeper (2+1),Muzaffarpur,Ranchi,1000,Bariya Bus Stand,Ranchi Bus Stand,23 Seats available,18:10,04:25,10h 15m,3.9,https://www.redbus.in/bus-tickets/muzaffarpur-to-ranchi?fromCityId=80303&toCityId=76431&fromCityName=Muzaffarpur&toCityName=Ranchi&busType=Any&srcCountry=IND&destCountry=IND&onward=01-Sep-2024
Pawapuri Motors,A/C Seater / Sleeper (2+1),Muzaffarpur,Ranchi,800,Muzaffarpur pawapuri motors o...,Dhurva,14 Seats available,17:30,05:45,12h 15m,1.6,https://www.redbus.in/bus-tickets/muzaffarpur-to-ranchi?fromCityId=80303&toCityId=76431&fromCityName=Muzaffarpur&toCityName=Ranchi&busType=Any&srcCountry=IND&destCountry=IND&onward=01-Sep-2024
Jai Mata Di Tour and Travels,A/C Seater / Sleeper (2+2),Muzaffarpur,Ranchi,700,Muzaffarpur,Ranchi,31 Seats available,19:15,06:00,10h 45m,3.0,https://www.redbus.in/bus-tickets/muzaffarpur-to-ranchi?fromCityId=80303&toCityId=76431&fromCityName=Muzaffarpur&toCityName=Ranchi&busType=Any&srcCountry=IND&destCountry=IND&onward=01-Sep-2024
Jai Mata Di Tour and Travels,AC Seater (2+2),Muzaffarpur,Ranchi,750,,,33 Seats available,17:45,04:45,11h 00m,3.6,https://www.redbus.in/bus-tickets/muzaffarpur-to-ranchi?fromCityId=80303&toCityId=76431&fromCityName=Muzaffarpur&toCityName=Ranchi&busType=Any&srcCountry=IND&destCountry=IND&onward=01-Sep-2024
V.I.P Travels,A/C Seater Hi-Tech Push Back (2+2),Kathmandu,Patna,1040,Karkhana Chowk,Meethapur Bus Stand,43 Seats available,18:30,12:30,18h 00m,2.7,https://www.redbus.in/bus-tickets/kathmandu-to-patna?fromCityId=1603&toCityId=74699&fromCityName=Kathmandu&toCityName=Patna&busType=Any&srcCountry=IND&destCountry=IND&onward=01-Sep-2024
Bihar state road transport corporation (BSRTC) - 153614,AC Seater (2+2),Ranchi,Muzaffarpur,605,Ranchi Govt Bus Stand-Muz,Emali Chati Govt Bus Stand,31 Seats available,20:55,07:30,10h 35m,3.1,https://www.redbus.in/bus-tickets/ranchi-to-muzaffarpur?fromCityId=76431&toCityId=80303&fromCityName=Ranchi&toCityName=Muzaffarpur&busType=Any&srcCountry=IND&destCountry=IND&onward=01-Sep-2024
JGD Travels Pvt Ltd.,Bharat Benz A/C Sleeper (2+1),Ranchi,Muzaffarpur,1000,Ranchi Bus Stand,Bariya Bus Stand,28 Seats available,20:35,06:15,09h 40m,3.8,https://www.redbus.in/bus-tickets/ranchi-to-muzaffarpur?fromCityId=76431&toCityId=80303&fromCityName=Ranchi&toCityName=Muzaffarpur&busType=Any&srcCountry=IND&destCountry=IND&onward=01-Sep-2024
Pawapuri Motors,A/C Seater / Sleeper (2+1),Ranchi,Muzaffarpur,900,Ranchi Khadgara Bus Stand,BAIRIYA BUS STAND,9 Seats available,18:25,07:00,12h 35m,3.8,https://www.redbus.in/bus-tickets/ranchi-to-muzaffarpur?fromCityId=76431&toCityId=80303&fromCityName=Ranchi&toCityName=Muzaffarpur&busType=Any&srcCountry=IND&destCountry=IND&onward=01-Sep-2024
Jai Mata Di Tour and Travels,A/C Seater / Sleeper (2+2),Ranchi,Muzaffarpur,700,Ranchi,Muzaffarpur,4 Seats available,19:15,06:30,11h 15m,2.4,https://www.redbus.in/bus-tickets/ranchi-to-muzaffarpur?fromCityId=76431&toCityId=80303&fromCityName=Ranchi&toCityName=Muzaffarpur&busType=Any&srcCountry=IND&destCountry=IND&onward=01-Sep-2024
Tejas Maa Bhawani,A/C Seater / Sleeper (2+2),Ranchi,Muzaffarpur,839,,,12 Seats available,18:15,05:30,11h 15m,1.6,https://www.redbus.in/bus-tickets/ranchi-to-muzaffarpur?fromCityId=76431&toCityId=80303&fromCityName=Ranchi&toCityName=Muzaffarpur&busType=Any&srcCountry=IND&destCountry=IND&onward=01-Sep-2024
Bihar state road transport corporation (BSRTC) - 152154,Volvo AC Seater 2+2,Motihari,Lucknow,680,Govt. Bus Stand,Alambagh,31 Seats available,15:30,01:00,09h 30m,3.6,https://www.redbus.in/bus-tickets/motihari-to-lucknow?fromCityId=80302&toCityId=1439&fromCityName=Motihari&toCityName=Lucknow&busType=Any&srcCountry=IND&destCountry=IND&onward=01-Sep-2024
Bihar state road transport corporation (BSRTC) - 137431,Volvo AC Seater 2+2,Motihari,Lucknow,800,Govt. Bus Stand,Lucknow,48 Seats available,17:20,03:25,10h 05m,3.5,https://www.redbus.in/bus-tickets/motihari-to-lucknow?fromCityId=80302&toCityId=1439&fromCityName=Motihari&toCityName=Lucknow&busType=Any&srcCountry=IND&destCountry=IND&onward=01-Sep-2024
Panwar Travels,A/C Sleeper (2+1),Motihari,Lucknow,2500,"Pipra Kothi Chowk , Mohhamadp...",Alambagh,26 Seats available,15:40,01:40,10h 00m,4.3,https://www.redbus.in/bus-tickets/motihari-to-lucknow?fromCityId=80302&toCityId=1439&fromCityName=Motihari&toCityName=Lucknow&busType=Any&srcCountry=IND&destCountry=IND&onward=01-Sep-2024
MISHRA BANDHU BUS SERVICE,A/C Seater / Sleeper (2+1),Motihari,Lucknow,800,Main Bus Stand,Gomti Nagar,42 Seats available,16:55,04:14,11h 19m,2.8,https://www.redbus.in/bus-tickets/motihari-to-lucknow?fromCityId=80302&toCityId=1439&fromCityName=Motihari&toCityName=Lucknow&busType=Any&srcCountry=IND&destCountry=IND&onward=01-Sep-2024
Baba Khatushyam Travels Pvt Ltd,A/C Seater / Sleeper (3+1),Motihari,Lucknow,1199,PIPRA KHOTHI BYPASS,Transport Nagar,58 Seats available,17:35,03:00,09h 25m,1.6,https://www.redbus.in/bus-tickets/motihari-to-lucknow?fromCityId=80302&toCityId=1439&fromCityName=Motihari&toCityName=Lucknow&busType=Any&srcCountry=IND&destCountry=IND&onward=01-Sep-2024
Travel Point World LLP,A/C Seater / Sleeper (2+2),Motihari,Lucknow,1999,Motihari bus stand,Charbagh,38 Seats available,18:20,03:20,09h 00m,1.6,https://www.redbus.in/bus-tickets/motihari-to-lucknow?fromCityId=80302&toCityId=1439&fromCityName=Motihari&toCityName=Lucknow&busType=Any&srcCountry=IND&destCountry=IND&onward=01-Sep-2024
Shree Balajee Travels And Cargo,A/C Seater / Sleeper (2+1),Motihari,Lucknow,1599,PIPRA KHOTI FLY OVER,Charbagh,47 Seats available,15:00,01:00,10h 00m,1.2,https://www.redbus.in/bus-tickets/motihari-to-lucknow?fromCityId=80302&toCityId=1439&fromCityName=Motihari&toCityName=Lucknow&busType=Any&srcCountry=IND&destCountry=IND&onward=01-Sep-2024
Shree Balajee Travels And Cargo,A/C Seater / Sleeper (2+2),Motihari,Lucknow,999,PIPRA KHOTI FLY OVER,Charbagh,72 Seats available,22:50,05:20,06h 30m,1.2,https://www.redbus.in/bus-tickets/motihari-to-lucknow?fromCityId=80302&toCityId=1439&fromCityName=Motihari&toCityName=Lucknow&busType=Any&srcCountry=IND&destCountry=IND&onward=01-Sep-2024
Bihar state road transport corporation (BSRTC) - 117804,Volvo A/C Sleeper (2+1),Lucknow,Motihari,1050,Alambagh,Govt. Bus Stand,20 Seats available,02:20,09:30,07h 10m,3.3,https://www.redbus.in/bus-tickets/lucknow-to-motihari?fromCityId=1439&toCityId=80302&fromCityName=Lucknow&toCityName=Motihari&busType=Any&srcCountry=IND&destCountry=IND&onward=01-Sep-2024
Bihar state road transport corporation (BSRTC) - 152185,Volvo AC Seater 2+2,Lucknow,Motihari,800,Alambagh,Govt. Bus Stand,40 Seats available,23:00,08:30,09h 30m,3.3,https://www.redbus.in/bus-tickets/lucknow-to-motihari?fromCityId=1439&toCityId=80302&fromCityName=Lucknow&toCityName=Motihari&busType=Any&srcCountry=IND&destCountry=IND&onward=01-Sep-2024
MISHRA BANDHU BUS SERVICE,A/C Seater / Sleeper (2+1),Lucknow,Motihari,849,Transport Nagar,Main Bus Stand,45 Seats available,21:30,07:30,10h 00m,2.5,https://www.redbus.in/bus-tickets/lucknow-to-motihari?fromCityId=1439&toCityId=80302&fromCityName=Lucknow&toCityName=Motihari&busType=Any&srcCountry=IND&destCountry=IND&onward=01-Sep-2024
Shree Balajee Travels And Cargo,A/C Seater / Sleeper (2+1),Lucknow,Motihari,1499,Charbagh,PIPRA KHOTI FLY OVER,47 Seats available,23:30,09:00,09h 30m,1.2,https://www.redbus.in/bus-tickets/lucknow-to-motihari?fromCityId=1439&toCityId=80302&fromCityName=Lucknow&toCityName=Motihari&busType=Any&srcCountry=IND&destCountry=IND&onward=01-Sep-2024
Bihar state road transport corporation (BSRTC) - 166033,A/C Seater Hi-Tech Push Back (2+2),Motihari,Kathmandu,685,Bihar State Road Transport Co...,Swoyambhu,30 Seats available,17:10,06:15,13h 05m,3.0,https://www.redbus.in/bus-tickets/motihari-to-kathmandu?fromCityId=80302&toCityId=1603&fromCityName=Motihari&toCityName=Kathmandu&busType=Any&srcCountry=IND&destCountry=IND&onward=01-Sep-2024
V.I.P Travels,A/C Seater Hi-Tech Push Back (2+2),Motihari,Kathmandu,700,Main Bus Stand,Karkhana Chowk,14 Seats available,16:15,05:30,13h 15m,3.3,https://www.redbus.in/bus-tickets/motihari-to-kathmandu?fromCityId=80302&toCityId=1603&fromCityName=Motihari&toCityName=Kathmandu&busType=Any&srcCountry=IND&destCountry=IND&onward=01-Sep-2024
Bihar state road transport corporation (BSRTC) - 152185,Volvo AC Seater 2+2,Agra,Motihari,1170,Agra Bypass Rd,Govt. Bus Stand,40 Seats available,18:00,08:30,14h 30m,2.9,https://www.redbus.in/bus-tickets/agra-to-motihari?fromCityId=1290&toCityId=80302&fromCityName=Agra&toCityName=Motihari&busType=Any&srcCountry=IND&destCountry=IND&onward=01-Sep-2024
Panwar Travels,A/C Sleeper (2+1),Agra,Motihari,2500,Ghoda Chowk Partapur Circle A...,"Pipra Kothi Chowk , Mohhamadp...",36 Seats available,21:45,17:30,19h 45m,2.8,https://www.redbus.in/bus-tickets/agra-to-motihari?fromCityId=1290&toCityId=80302&fromCityName=Agra&toCityName=Motihari&busType=Any&srcCountry=IND&destCountry=IND&onward=01-Sep-2024
Shree Balajee Travels And Cargo,NON A/C Seater/ Sleeper (2+1),Agra,Motihari,1500,Agara,Piprakhoti,27 Seats available,21:30,15:30,0-6h 00m,1.2,https://www.redbus.in/bus-tickets/agra-to-motihari?fromCityId=1290&toCityId=80302&fromCityName=Agra&toCityName=Motihari&busType=Any&srcCountry=IND&destCountry=IND&onward=01-Sep-2024
Shree Balajee Travels And Cargo,A/C Seater / Sleeper (2+1),Agra,Motihari,1499,Agara,PIPRA KHOTI FLY OVER,47 Seats available,18:00,09:00,15h 00m,1.2,https://www.redbus.in/bus-tickets/agra-to-motihari?fromCityId=1290&toCityId=80302&fromCityName=Agra&toCityName=Motihari&busType=Any&srcCountry=IND&destCountry=IND&onward=01-Sep-2024
V.I.P Travels,A/C Seater Hi-Tech Push Back (2+2),Patna,Janakpur (Nepal),375,Meethapur Bus Stand,Janakpur Bus stand,41 Seats available,21:30,07:00,09h 30m,3.0,https://www.redbus.in/bus-tickets/patna-to-janakpur-nepal?fromCityId=74699&toCityId=202905&fromCityName=Patna&toCityName=Janakpur%20(Nepal)&busType=Any&srcCountry=IND&destCountry=IND&onward=01-Sep-2024
Bihar state road transport corporation (BSRTC) - 153594,AC Seater (2+2),Muzaffarpur,Hazaribagh,484,Emali Chati Govt Bus Stand,Hazaribagh Bus Stand-Muz,34 Seats available,18:00,04:00,10h 00m,3.7,https://www.redbus.in/bus-tickets/muzaffarpur-to-hazaribagh?fromCityId=80303&toCityId=76576&fromCityName=Muzaffarpur&toCityName=Hazaribagh&busType=Any&srcCountry=IND&destCountry=IND&onward=01-Sep-2024
Pawapuri Motors,A/C Seater / Sleeper (2+1),Muzaffarpur,Hazaribagh,750,Muzaffarpur pawapuri motors o...,Hazaribagh Bus Stand,14 Seats available,17:30,03:00,09h 30m,2.3,https://www.redbus.in/bus-tickets/muzaffarpur-to-hazaribagh?fromCityId=80303&toCityId=76576&fromCityName=Muzaffarpur&toCityName=Hazaribagh&busType=Any&srcCountry=IND&destCountry=IND&onward=01-Sep-2024
Tejas Maa Bhawani,AC Sleeper (2+1),Muzaffarpur,Hazaribagh,900,Bairiya Bus Stand,Bypass,4 Seats available,18:45,03:25,08h 40m,2.1,https://www.redbus.in/bus-tickets/muzaffarpur-to-hazaribagh?fromCityId=80303&toCityId=76576&fromCityName=Muzaffarpur&toCityName=Hazaribagh&busType=Any&srcCountry=IND&destCountry=IND&onward=01-Sep-2024
Tejas Maa Bhawani,A/C Sleeper (2+1),Muzaffarpur,Hazaribagh,900,Bairiya Bus Stand,Bypass,5 Seats available,18:55,04:00,09h 05m,2.1,https://www.redbus.in/bus-tickets/muzaffarpur-to-hazaribagh?fromCityId=80303&toCityId=76576&fromCityName=Muzaffarpur&toCityName=Hazaribagh&busType=Any&srcCountry=IND&destCountry=IND&onward=01-Sep-2024
Bihar state road transport corporation (BSRTC) - 156563,AC Seater (2+2),Purnea,Patna,468,Bus Stand-Purn,Gandhi Maidan,35 Seats available,19:00,04:00,09h 00m,3.9,https://www.redbus.in/bus-tickets/purnea-to-patna?fromCityId=76580&toCityId=74699&fromCityName=Purnea&toCityName=Patna&busType=Any&srcCountry=IND&destCountry=IND&onward=01-Sep-2024
AITIANA CRUISELINERS,A/C Seater / Sleeper (2+1),Purnea,Patna,500,Purnea,Patliputra Terminal,7 Seats available,21:00,06:00,09h 00m,3.9,https://www.redbus.in/bus-tickets/purnea-to-patna?fromCityId=76580&toCityId=74699&fromCityName=Purnea&toCityName=Patna&busType=Any&srcCountry=IND&destCountry=IND&onward=01-Sep-2024
Aitiana Airwings,Benz A/C Sleeper (2+1),Purnea,Patna,650,Purnea (Purnea),Bairiya (Patna (Bihar)),10 Seats available,21:00,05:00,08h 00m,4.2,https://www.redbus.in/bus-tickets/purnea-to-patna?fromCityId=76580&toCityId=74699&fromCityName=Purnea&toCityName=Patna&busType=Any&srcCountry=IND&destCountry=IND&onward=01-Sep-2024
MAA SHANTI TRAVELS,A/C Seater / Sleeper (2+1),Purnea,Patna,600,Purnea Bus Stand,Patliputra Bairiya ISBT,40 Seats available,20:10,05:00,08h 50m,4.0,https://www.redbus.in/bus-tickets/purnea-to-patna?fromCityId=76580&toCityId=74699&fromCityName=Purnea&toCityName=Patna&busType=Any&srcCountry=IND&destCountry=IND&onward=01-Sep-2024
,,Purnea,Patna,,,,,,,,,https://www.redbus.in/bus-tickets/purnea-to-patna?fromCityId=76580&toCityId=74699&fromCityName=Purnea&toCityName=Patna&busType=Any&srcCountry=IND&destCountry=IND&onward=01-Sep-2024
Bihar state road transport corporation (BSRTC) - 142847,AC Seater (2+2),Patna,Araria (Bihar),468,Gandhi Maidan,Araria Bus Stand,34 Seats available,21:25,04:35,07h 10m,3.6,https://www.redbus.in/bus-tickets/patna-to-araria?fromCityId=74699&toCityId=93837&fromCityName=Patna&toCityName=Araria%20(Bihar)&busType=Any&srcCountry=IND&destCountry=IND&onward=01-Sep-2024
MAA SHANTI TRAVELS,A/C Seater / Sleeper (2+1),Patna,Araria (Bihar),600,GANDHI MAIDAN (MAA SHANTI OFF...,Araria bus stand,30 Seats available,21:25,05:30,08h 05m,4.5,https://www.redbus.in/bus-tickets/patna-to-araria?fromCityId=74699&toCityId=93837&fromCityName=Patna&toCityName=Araria%20(Bihar)&busType=Any&srcCountry=IND&destCountry=IND&onward=01-Sep-2024
Divya Rath,A/C Sleeper (2+1),Patna,Araria (Bihar),618,"ADITYA VISION ,ZEROMILE PAHARI",Araria Bus Stand,12 Seats available,20:45,04:45,08h 00m,4.3,https://www.redbus.in/bus-tickets/patna-to-araria?fromCityId=74699&toCityId=93837&fromCityName=Patna&toCityName=Araria%20(Bihar)&busType=Any&srcCountry=IND&destCountry=IND&onward=01-Sep-2024
AITIANA CRUISELINERS,A/C Seater / Sleeper (2+1),Patna,Araria (Bihar),500,Zero Mile,Araria Bus Stand,15 Seats available,21:15,05:30,08h 15m,3.8,https://www.redbus.in/bus-tickets/patna-to-araria?fromCityId=74699&toCityId=93837&fromCityName=Patna&toCityName=Araria%20(Bihar)&busType=Any&srcCountry=IND&destCountry=IND&onward=01-Sep-2024
,,Patna,Araria (Bihar),,,,,,,,,https://www.redbus.in/bus-tickets/patna-to-araria?fromCityId=74699&toCityId=93837&fromCityName=Patna&toCityName=Araria%20(Bihar)&busType=Any&srcCountry=IND&destCountry=IND&onward=01-Sep-2024
Bihar state road transport corporation (BSRTC) - 150470,AC Seater (2+2),Darbhanga,Patna,248,Delhi More,Gandhi Maidan,44 Seats available,07:00,11:00,04h 00m,1.4,https://www.redbus.in/bus-tickets/darbhanga-to-patna?fromCityId=80297&toCityId=74699&fromCityName=Darbhanga&toCityName=Patna&busType=Any&srcCountry=IND&destCountry=IND&onward=01-Sep-2024
Bihar state road transport corporation (BSRTC) - 150466,Non AC Seater (2+3),Darbhanga,Patna,193,Delhi More,Gandhi Maidan,53 Seats available,07:20,11:20,04h 00m,1.5,https://www.redbus.in/bus-tickets/darbhanga-to-patna?fromCityId=80297&toCityId=74699&fromCityName=Darbhanga&toCityName=Patna&busType=Any&srcCountry=IND&destCountry=IND&onward=01-Sep-2024
Bihar state road transport corporation (BSRTC) - 150464,Non AC Seater (2+2),Darbhanga,Patna,213,Delhi More,Gandhi Maidan,41 Seats available,17:40,21:40,04h 00m,1.6,https://www.redbus.in/bus-tickets/darbhanga-to-patna?fromCityId=80297&toCityId=74699&fromCityName=Darbhanga&toCityName=Patna&busType=Any&srcCountry=IND&destCountry=IND&onward=01-Sep-2024
Sri Krishna Tours and Travels,A/C Seater Push Back (2+2),Darbhanga,Patna,314,Laheriya sarai Govt Bus Stand,Gandhi Maidan,14 Seats available,04:55,09:20,04h 25m,3.2,https://www.redbus.in/bus-tickets/darbhanga-to-patna?fromCityId=80297&toCityId=74699&fromCityName=Darbhanga&toCityName=Patna&busType=Any&srcCountry=IND&destCountry=IND&onward=01-Sep-2024
Sri Krishna Tours and Travels,A/C Seater Push Back (2+2),Darbhanga,Patna,333,Darbhanga Delhi More Bus Stand,Gandhi Maidan,16 Seats available,12:20,16:00,03h 40m,3.4,https://www.redbus.in/bus-tickets/darbhanga-to-patna?fromCityId=80297&toCityId=74699&fromCityName=Darbhanga&toCityName=Patna&busType=Any&srcCountry=IND&destCountry=IND&onward=01-Sep-2024
Sri Krishna Tours and Travels,A/C Seater Push Back (2+2),Darbhanga,Patna,314,Darbhanga Delhi More Bus Stand,Pariwan Parisar Phulwari Shai...,8 Seats available,17:00,20:55,03h 55m,4.0,https://www.redbus.in/bus-tickets/darbhanga-to-patna?fromCityId=80297&toCityId=74699&fromCityName=Darbhanga&toCityName=Patna&busType=Any&srcCountry=IND&destCountry=IND&onward=01-Sep-2024
Sadhvi Rath,A/C Seater / Sleeper (2+1),Darbhanga,Patna,468,Mahanagar,"Partiputra Bus Terminal ,ISBT...",14 Seats available,00:36,05:36,05h 00m,2.2,https://www.redbus.in/bus-tickets/darbhanga-to-patna?fromCityId=80297&toCityId=74699&fromCityName=Darbhanga&toCityName=Patna&busType=Any&srcCountry=IND&destCountry=IND&onward=01-Sep-2024
Sri Krishna Rath,A/C Seater / Sleeper (2+2),Darbhanga,Patna,350,Mahanagar,SRI KRISHNA RATH OFFICE ZERO ...,24 Seats available,01:45,04:15,02h 30m,2.3,https://www.redbus.in/bus-tickets/darbhanga-to-patna?fromCityId=80297&toCityId=74699&fromCityName=Darbhanga&toCityName=Patna&busType=Any&srcCountry=IND&destCountry=IND&onward=01-Sep-2024
V.I.P Travels,Tata A/C Seater (2+2),Darbhanga,Patna,250,Lehariya Sarai Bus Depo,Bus Stand,38 Seats available,04:45,08:30,03h 45m,2.0,https://www.redbus.in/bus-tickets/darbhanga-to-patna?fromCityId=80297&toCityId=74699&fromCityName=Darbhanga&toCityName=Patna&busType=Any&srcCountry=IND&destCountry=IND&onward=01-Sep-2024
Shiv Ganga Travels,NON A/C Seater Push Back (2+2),Darbhanga,Patna,300,Mahanagar,Patliputra Bairiya ISBT,24 Seats available,06:08,10:00,03h 52m,1.5,https://www.redbus.in/bus-tickets/darbhanga-to-patna?fromCityId=80297&toCityId=74699&fromCityName=Darbhanga&toCityName=Patna&busType=Any&srcCountry=IND&destCountry=IND&onward=01-Sep-2024
Shiv Ganga Travels,AC Seater (2+2),Darbhanga,Patna,330,Mahanagar,Patliputra Bairiya ISBT,24 Seats available,07:46,11:30,03h 44m,1.0,https://www.redbus.in/bus-tickets/darbhanga-to-patna?fromCityId=80297&toCityId=74699&fromCityName=Darbhanga&toCityName=Patna&busType=Any&srcCountry=IND&destCountry=IND&onward=01-Sep-2024
Shiv Ganga Travels,AC Seater (2+2),Darbhanga,Patna,330,Mahanagar,Patliputra Bairiya ISBT,45 Seats available,10:46,14:30,03h 44m,1.5,https://www.redbus.in/bus-tickets/darbhanga-to-patna?fromCityId=80297&toCityId=74699&fromCityName=Darbhanga&toCityName=Patna&busType=Any&srcCountry=IND&destCountry=IND&onward=01-Sep-2024
Shiv Ganga Travels,A/C Seater (2+2),Darbhanga,Patna,330,Mahanagar,Patliputra Bairiya ISBT,28 Seats available,11:13,15:00,03h 47m,2.1,https://www.redbus.in/bus-tickets/darbhanga-to-patna?fromCityId=80297&toCityId=74699&fromCityName=Darbhanga&toCityName=Patna&busType=Any&srcCountry=IND&destCountry=IND&onward=01-Sep-2024
Sri Krishna Tours and Travels,A/C Seater Push Back (2+2),Darbhanga,Patna,314,Darbhanga Delhi More Bus Stand,Pariwan Parisar Phulwari Shai...,8 Seats available,13:30,17:15,03h 45m,2.9,https://www.redbus.in/bus-tickets/darbhanga-to-patna?fromCityId=80297&toCityId=74699&fromCityName=Darbhanga&toCityName=Patna&busType=Any&srcCountry=IND&destCountry=IND&onward=01-Sep-2024
Shiv Ganga Travels,A/C Seater (2+2),Darbhanga,Patna,330,Mahanagar,Patliputra Bairiya ISBT,28 Seats available,14:06,17:40,03h 34m,1.5,https://www.redbus.in/bus-tickets/darbhanga-to-patna?fromCityId=80297&toCityId=74699&fromCityName=Darbhanga&toCityName=Patna&busType=Any&srcCountry=IND&destCountry=IND&onward=01-Sep-2024
Sri Krishna Tours and Travels,A/C Seater / Sleeper (2+1),Darbhanga,Patna,618,Darbhanga Delhi More Bus Stand,GOVT BUS STAND GANDHIMAIDAN,6 Seats available,01:00,06:00,05h 00m,3.4,https://www.redbus.in/bus-tickets/darbhanga-to-patna?fromCityId=80297&toCityId=74699&fromCityName=Darbhanga&toCityName=Patna&busType=Any&srcCountry=IND&destCountry=IND&onward=01-Sep-2024
Bihar state road transport corporation (BSRTC) - 152896,Non AC Seater (2+2),Patna,Saharsa,400,Gandhi Maidan,Bus Stand,8 Seats available,21:59,06:00,08h 01m,2.8,https://www.redbus.in/bus-tickets/patna-to-saharsa?fromCityId=74699&toCityId=76579&fromCityName=Patna&toCityName=Saharsa&busType=Any&srcCountry=IND&destCountry=IND&onward=01-Sep-2024
Tiwari Motors,A/C Seater / Sleeper (2+1),Patna,Saharsa,449,Patliputra Bus Terminal,Bus Stand,26 Seats available,20:00,05:05,09h 05m,2.0,https://www.redbus.in/bus-tickets/patna-to-saharsa?fromCityId=74699&toCityId=76579&fromCityName=Patna&toCityName=Saharsa&busType=Any&srcCountry=IND&destCountry=IND&onward=01-Sep-2024
Rukmanti (AT),A/C Seater / Sleeper (2+1),Patna,Saharsa,509,Patliputra Bus Terminal ISBT(...,Saharsa Bus Stand,38 Seats available,20:00,05:00,09h 00m,1.3,https://www.redbus.in/bus-tickets/patna-to-saharsa?fromCityId=74699&toCityId=76579&fromCityName=Patna&toCityName=Saharsa&busType=Any&srcCountry=IND&destCountry=IND&onward=01-Sep-2024
Sri Krishna Rath,A/C Seater / Sleeper (2+2),Patna,Saharsa,630,Patliputra ISBT,SIMARHI BAZAR NH,10 Seats available,20:40,04:10,07h 30m,1.7,https://www.redbus.in/bus-tickets/patna-to-saharsa?fromCityId=74699&toCityId=76579&fromCityName=Patna&toCityName=Saharsa&busType=Any&srcCountry=IND&destCountry=IND&onward=01-Sep-2024
Raj Rath,,Patna,Saharsa,425,,,,21:00,06:00,09h 00m,2.1,https://www.redbus.in/bus-tickets/patna-to-saharsa?fromCityId=74699&toCityId=76579&fromCityName=Patna&toCityName=Saharsa&busType=Any&srcCountry=IND&destCountry=IND&onward=01-Sep-2024
Bihar state road transport corporation (BSRTC) - 152154,Volvo AC Seater 2+2,Motihari,Agra,1025,Govt. Bus Stand,Agra Bypass Rd,33 Seats available,15:30,05:00,13h 30m,3.9,https://www.redbus.in/bus-tickets/motihari-to-agra?fromCityId=80302&toCityId=1290&fromCityName=Motihari&toCityName=Agra&busType=Any&srcCountry=IND&destCountry=IND&onward=01-Sep-2024
Bihar state road transport corporation (BSRTC) - 137431,Volvo AC Seater 2+2,Motihari,Agra,1105,Govt. Bus Stand,Agra Bypass Rd,48 Seats available,17:20,08:00,14h 40m,2.3,https://www.redbus.in/bus-tickets/motihari-to-agra?fromCityId=80302&toCityId=1290&fromCityName=Motihari&toCityName=Agra&busType=Any&srcCountry=IND&destCountry=IND&onward=01-Sep-2024
Panwar Travels,A/C Sleeper (2+1),Motihari,Agra,2500,"Pipra Kothi Chowk , Mohhamadp...",Ranu Tour And Travels Agra,26 Seats available,15:40,06:15,14h 35m,2.8,https://www.redbus.in/bus-tickets/motihari-to-agra?fromCityId=80302&toCityId=1290&fromCityName=Motihari&toCityName=Agra&busType=Any&srcCountry=IND&destCountry=IND&onward=01-Sep-2024
Baba Khatushyam Travels Pvt Ltd,A/C Seater / Sleeper (3+1),Motihari,Agra,1199,PIPRA KHOTHI BYPASS,Agra Bypass Rd,56 Seats available,17:35,07:30,13h 55m,1.6,https://www.redbus.in/bus-tickets/motihari-to-agra?fromCityId=80302&toCityId=1290&fromCityName=Motihari&toCityName=Agra&busType=Any&srcCountry=IND&destCountry=IND&onward=01-Sep-2024
Travel Point World LLP,A/C Seater / Sleeper (2+2),Motihari,Agra,1899,Motihari bus stand,Kuberpur cut on epressway,38 Seats available,18:20,06:50,12h 30m,1.6,https://www.redbus.in/bus-tickets/motihari-to-agra?fromCityId=80302&toCityId=1290&fromCityName=Motihari&toCityName=Agra&busType=Any&srcCountry=IND&destCountry=IND&onward=01-Sep-2024
Shree Balajee Travels And Cargo,A/C Seater / Sleeper (2+1),Motihari,Agra,1599,PIPRA KHOTI FLY OVER,Agara,46 Seats available,15:00,06:43,15h 43m,1.2,https://www.redbus.in/bus-tickets/motihari-to-agra?fromCityId=80302&toCityId=1290&fromCityName=Motihari&toCityName=Agra&busType=Any&srcCountry=IND&destCountry=IND&onward=01-Sep-2024
Bihar state road transport corporation (BSRTC) - 166033,A/C Seater Hi-Tech Push Back (2+2),Hajipur (Bihar),Kathmandu,1015,Near Ganesh Tea Stall,Swoyambhu,30 Seats available,14:30,06:15,15h 45m,2.2,https://www.redbus.in/bus-tickets/hajipur-to-kathmandu?fromCityId=80299&toCityId=1603&fromCityName=Hajipur%20(Bihar)&toCityName=Kathmandu&busType=Any&srcCountry=IND&destCountry=IND&onward=01-Sep-2024
V.I.P Travels,A/C Seater Hi-Tech Push Back (2+2),Kathmandu,Motihari,700,Karkhana Chowk,Main Bus Stand,43 Seats available,18:30,07:30,13h 00m,3.0,https://www.redbus.in/bus-tickets/kathmandu-to-motihari?fromCityId=1603&toCityId=80302&fromCityName=Kathmandu&toCityName=Motihari&busType=Any&onward=01-Sep-2024
Bihar state road transport corporation (BSRTC) - 142847,AC Seater (2+2),Patna,Forbesganj,450,Gandhi Maidan,Forbesganj,34 Seats available,21:25,04:00,06h 35m,4.0,https://www.redbus.in/bus-tickets/patna-to-forbesganj?fromCityId=74699&toCityId=80298&fromCityName=Patna&toCityName=Forbesganj&busType=Any&srcCountry=IND&destCountry=IND&onward=01-Sep-2024
Divya Rath,A/C Sleeper (2+1),Patna,Forbesganj,618,"ADITYA VISION ,ZEROMILE PAHARI",Forbesganj NH 27,12 Seats available,20:45,03:45,07h 00m,4.6,https://www.redbus.in/bus-tickets/patna-to-forbesganj?fromCityId=74699&toCityId=80298&fromCityName=Patna&toCityName=Forbesganj&busType=Any&srcCountry=IND&destCountry=IND&onward=01-Sep-2024
MAA SHANTI TRAVELS,A/C Seater / Sleeper (2+1),Patna,Forbesganj,650,GANDHI MAIDAN (MAA SHANTI OFF...,Forbesganj bus stand,20 Seats available,22:10,05:00,06h 50m,4.0,https://www.redbus.in/bus-tickets/patna-to-forbesganj?fromCityId=74699&toCityId=80298&fromCityName=Patna&toCityName=Forbesganj&busType=Any&srcCountry=IND&destCountry=IND&onward=01-Sep-2024
MAA SHANTI TRAVELS,A/C Seater / Sleeper (2+1),Patna,Forbesganj,600,GANDHI MAIDAN (MAA SHANTI OFF...,Forbesganj bus stand,32 Seats available,21:25,04:25,07h 00m,4.0,https://www.redbus.in/bus-tickets/patna-to-forbesganj?fromCityId=74699&toCityId=80298&fromCityName=Patna&toCityName=Forbesganj&busType=Any&srcCountry=IND&destCountry=IND&onward=01-Sep-2024
,,Patna,Forbesganj,,,,,,,,,https://www.redbus.in/bus-tickets/patna-to-forbesganj?fromCityId=74699&toCityId=80298&fromCityName=Patna&toCityName=Forbesganj&busType=Any&srcCountry=IND&destCountry=IND&onward=01-Sep-2024
Bihar state road transport corporation (BSRTC) - 153614,AC Seater (2+2),Ranchi,Hajipur (Bihar),541,Ranchi Govt Bus Stand-Muz,Ramashish Chowk Golamber-Muz,31 Seats available,20:55,06:30,09h 35m,3.2,https://www.redbus.in/bus-tickets/ranchi-to-hajipur?fromCityId=76431&toCityId=80299&fromCityName=Ranchi&toCityName=Hajipur%20(Bihar)&busType=Any&srcCountry=IND&destCountry=IND&onward=01-Sep-2024
JGD Travels Pvt Ltd.,Bharat Benz A/C Sleeper (2+1),Ranchi,Hajipur (Bihar),1000,Ranchi Bus Stand,Hajipur,29 Seats available,20:35,05:00,08h 25m,4.0,https://www.redbus.in/bus-tickets/ranchi-to-hajipur?fromCityId=76431&toCityId=80299&fromCityName=Ranchi&toCityName=Hajipur%20(Bihar)&busType=Any&srcCountry=IND&destCountry=IND&onward=01-Sep-2024
Pappu Travels (yvts),A/C Seater/Sleeper (2+1),Ranchi,Hajipur (Bihar),800,Ranchi,Ramashischowk,8 Seats available,16:45,03:30,10h 45m,3.0,https://www.redbus.in/bus-tickets/ranchi-to-hajipur?fromCityId=76431&toCityId=80299&fromCityName=Ranchi&toCityName=Hajipur%20(Bihar)&busType=Any&srcCountry=IND&destCountry=IND&onward=01-Sep-2024
Jai Mata Di Tour and Travels,A/C Seater / Sleeper (2+2),Ranchi,Hajipur (Bihar),1000,Ranchi,Hajipur,4 Seats available,18:45,03:15,08h 30m,2.5,https://www.redbus.in/bus-tickets/ranchi-to-hajipur?fromCityId=76431&toCityId=80299&fromCityName=Ranchi&toCityName=Hajipur%20(Bihar)&busType=Any&srcCountry=IND&destCountry=IND&onward=01-Sep-2024
Jai Mata Di Tour and Travels,A/C Seater / Sleeper (2+2),Ranchi,Hajipur (Bihar),1000,Ranchi,Hajipur,4 Seats available,18:30,04:00,09h 30m,2.5,https://www.redbus.in/bus-tickets/ranchi-to-hajipur?fromCityId=76431&toCityId=80299&fromCityName=Ranchi&toCityName=Hajipur%20(Bihar)&busType=Any&srcCountry=IND&destCountry=IND&onward=01-Sep-2024
Bihar state road transport corporation (BSRTC) - 152185,Volvo AC Seater 2+2,Lucknow,Gopalganj (Bihar),700,Alambagh,Banjari More-MUZ,38 Seats available,23:00,07:00,08h 00m,3.7,https://www.redbus.in/bus-tickets/lucknow-to-gopalganj?fromCityId=1439&toCityId=81384&fromCityName=Lucknow&toCityName=Gopalganj%20(Bihar)&busType=Any&srcCountry=IND&destCountry=IND&onward=01-Sep-2024
MISHRA BANDHU BUS SERVICE,A/C Seater / Sleeper (2+1),Lucknow,Gopalganj (Bihar),849,Transport Nagar,Bypass,45 Seats available,21:30,05:00,07h 30m,3.8,https://www.redbus.in/bus-tickets/lucknow-to-gopalganj?fromCityId=1439&toCityId=81384&fromCityName=Lucknow&toCityName=Gopalganj%20(Bihar)&busType=Any&srcCountry=IND&destCountry=IND&onward=01-Sep-2024
Samay Shatabdi Travels Pvt Ltd,AC Sleeper (2+1),Lucknow,Gopalganj (Bihar),1299,Charbagh,"By pass, gopalganj",30 Seats available,21:00,03:45,06h 45m,4.2,https://www.redbus.in/bus-tickets/lucknow-to-gopalganj?fromCityId=1439&toCityId=81384&fromCityName=Lucknow&toCityName=Gopalganj%20(Bihar)&busType=Any&srcCountry=IND&destCountry=IND&onward=01-Sep-2024
Gorakhdham Express Bus Service,A/C Seater / Sleeper (2+2),Lucknow,Gopalganj (Bihar),845,Alambagh,"By pass, gopalganj",40 Seats available,23:55,07:30,07h 35m,1.6,https://www.redbus.in/bus-tickets/lucknow-to-gopalganj?fromCityId=1439&toCityId=81384&fromCityName=Lucknow&toCityName=Gopalganj%20(Bihar)&busType=Any&srcCountry=IND&destCountry=IND&onward=01-Sep-2024
Kusum Travels and Logistics,,Lucknow,Gopalganj (Bihar),952.38,,,34 Seats available,00:55,10:25,09h 30m,2.0,https://www.redbus.in/bus-tickets/lucknow-to-gopalganj?fromCityId=1439&toCityId=81384&fromCityName=Lucknow&toCityName=Gopalganj%20(Bihar)&busType=Any&srcCountry=IND&destCountry=IND&onward=01-Sep-2024
